{"cameraMode":{"drawMode":0,"name":"Shaded","section":"Shading Mode"},"sceneLighting":true,"audioPlay":false,"sceneViewState":{"m_AlwaysRefresh":false,"showFog":true,"showSkybox":true,"showFlares":true,"showImageEffects":true,"showParticleSystems":true,"showVisualEffectGraphs":true,"m_FxEnabled":true},"in2DMode":false,"pivot":{"x":0.7231719493865967,"y":-0.8361637592315674,"z":-0.6517360806465149},"rotation":{"x":-0.34270620346069338,"y":0.009016266092658043,"z":-0.0032887838315218689,"w":-0.9394028782844544},"size":5.2805867195129398,"orthographic":false}